Variable,OLS_β,OLS_SE,OLS_p,Std_β,Poisson_IRR,Poisson_p,NegBin_IRR,NegBin_p,FMI
general_fairness,0.10030767862451158,0.02104349578061609,5.1462471810648225e-06,0.08554308051992274,1.0641360173556722,5.6803228747348555e-06,1.0684350289103293,2.777571063372619e-06,0.4008537335514678
meritocracy_index,0.11774897514019542,0.051528601053178746,0.023615969516282753,0.03910997953071306,1.0824445342740991,0.02042022841925495,1.0805626140696387,0.025623057825391538,0.3522070109053007
income_fairness,-0.03055986103049533,0.04729032179607027,0.5194385508967252,-0.011345399288229493,0.9837533677257418,0.590864718739815,0.9872458832785465,0.6917233104424905,0.4186271245418256
