Variable,Male_β,Male_p,Female_β,Female_p,Gender_Diff,Urban_β,Urban_p,Rural_β,Rural_p,Residence_Diff
general_fairness,0.11865488304876422,0.00013908582449562168,0.07631128575472015,0.002676639943674397,-0.042343597294044064,0.117197016277038,5.27386987458911e-06,0.05656787948302679,0.1300736120390884,-0.06062913679401122
meritocracy_index,0.16232244848621596,0.03896779665075978,0.05416277890544079,0.44110324312972304,-0.10815966958077518,0.08666530259306443,0.1702286971156417,0.2012750663011503,0.027323806985074084,0.11460976370808587
income_fairness,-0.04737454679268581,0.5056568276592404,-0.013459446494643845,0.8084089805482748,0.03391510029804196,-0.022771974764027106,0.6852287577040286,-0.05495185996199603,0.47509389673577296,-0.032179885197968924
