Variable,Male_β,Male_p,Female_β,Female_p,Gender_Diff,Urban_β,Urban_p,Rural_β,Rural_p,Residence_Diff
general_fairness,0.11936704608015714,0.00014174187511528658,0.07534464310062919,0.002833328531071766,-0.04402240297952795,0.11693841512613001,9.154374996267478e-06,0.055721657609183975,0.1339804619444902,-0.06121675751694604
meritocracy_index,0.14435774015803637,0.04075992570252884,0.06633429102599024,0.33012309848318133,-0.07802344913204613,0.08652314508521194,0.12199607586830452,0.19136461653487263,0.024548679600455925,0.10484147144966069
income_fairness,-0.03903259188943516,0.5826276724673711,-0.018149421935515154,0.7391449895858215,0.02088316995392001,-0.020863243178327447,0.706483620955249,-0.053053481206390675,0.4661925399157578,-0.03219023802806323
