{
  "Gen Z": {
    "mean": 1.2245635159542445,
    "sd": 0.99554362716246,
    "n": 1661,
    "dist": {
      "0": 0.27393136664659845,
      "1": 0.29199277543648405,
      "2": 0.39494280553883204,
      "3": 0.030102347983142687,
      "4": 0.0030102347983142685,
      "5": 0.0030102347983142685,
      "6": 0.0012040939193257074,
      "10": 0.001806140878988561
    }
  },
  "Millennials": {
    "mean": 1.7889908256880733,
    "sd": 1.0225707367339643,
    "n": 3161,
    "dist": {
      "0": 0.08889591901297057,
      "1": 0.2249288199936729,
      "2": 0.5634292945270484,
      "3": 0.09016134134767478,
      "4": 0.017083201518506803,
      "5": 0.008857956342929452,
      "6": 0.002214489085732363,
      "7": 0.00031635558367605187,
      "8": 0.0012654223347042075,
      "10": 0.002847200253084467
    }
  },
  "cohens_d": 0.559310920022574
}