{
  "n": 4889,
  "mean_ideal": 1.5945665698880134,
  "pct_zero": 15.263376192451265,
  "cohort": {
    "Gen Z": {
      "mean": 1.2245635159542445,
      "sd": 0.99554362716246,
      "n": 1661,
      "dist": {
        "0": 0.27393136664659845,
        "1": 0.29199277543648405,
        "2": 0.39494280553883204,
        "3": 0.030102347983142687,
        "4": 0.0030102347983142685,
        "5": 0.0030102347983142685,
        "6": 0.0012040939193257074,
        "10": 0.001806140878988561
      }
    },
    "Millennials": {
      "mean": 1.7889908256880733,
      "sd": 1.0225707367339643,
      "n": 3161,
      "dist": {
        "0": 0.08889591901297057,
        "1": 0.2249288199936729,
        "2": 0.5634292945270484,
        "3": 0.09016134134767478,
        "4": 0.017083201518506803,
        "5": 0.008857956342929452,
        "6": 0.002214489085732363,
        "7": 0.00031635558367605187,
        "8": 0.0012654223347042075,
        "10": 0.002847200253084467
      }
    },
    "cohens_d": 0.559310920022574
  },
  "by_residence": {
    "Urban": {
      "mean": 1.5162980209545984,
      "sd": 1.041509277541134,
      "n": 3436
    },
    "Rural": {
      "mean": 1.7875,
      "sd": 1.0104631057123676,
      "n": 1360
    },
    "t": -8.196562604924987,
    "p": 3.144905178980864e-16
  },
  "by_gender": {
    "Male": {
      "mean": 1.745269286754003,
      "sd": 1.0879905867370667,
      "n": 2748
    },
    "Female": {
      "mean": 1.3948891031822566,
      "sd": 0.9572597731402007,
      "n": 2074
    },
    "t": 11.65211743466623,
    "p": 5.801290566363539e-31
  },
  "correlations": {
    "general_fairness": {
      "r": 0.07377754605306004,
      "p": 0.00045838841743125374,
      "n": 2252
    },
    "meritocracy_index": {
      "r": 0.12448224792300219,
      "p": 1.0993039349884265e-06,
      "n": 1523
    },
    "income_fairness": {
      "r": 0.04973761811876238,
      "p": 0.02546205927058076,
      "n": 2018
    }
  }
}